{"licenses":[{"name":"","id":0,"url":""}],"info":{"contributor":"","date_created":"","description":"","url":"","version":"","year":""},"categories":[{"id":1,"name":"bookcase","supercategory":""},{"id":2,"name":"human","supercategory":""}],"images":[{"id":1,"width":603,"height":398,"file_name":"Screenshot from 2024-10-08 11-17-14.png","license":0,"flickr_url":"","coco_url":"","date_captured":0},{"id":2,"width":601,"height":414,"file_name":"Screenshot from 2024-10-08 11-18-04.png","license":0,"flickr_url":"","coco_url":"","date_captured":0},{"id":3,"width":602,"height":350,"file_name":"Screenshot from 2024-10-08 11-18-29.png","license":0,"flickr_url":"","coco_url":"","date_captured":0},{"id":4,"width":570,"height":310,"file_name":"Screenshot from 2024-10-08 11-18-47.png","license":0,"flickr_url":"","coco_url":"","date_captured":0},{"id":5,"width":497,"height":281,"file_name":"Screenshot from 2024-10-08 11-19-23.png","license":0,"flickr_url":"","coco_url":"","date_captured":0},{"id":6,"width":698,"height":522,"file_name":"Screenshot from 2024-10-08 11-19-44.png","license":0,"flickr_url":"","coco_url":"","date_captured":0},{"id":7,"width":696,"height":403,"file_name":"Screenshot from 2024-10-08 11-20-24.png","license":0,"flickr_url":"","coco_url":"","date_captured":0},{"id":8,"width":695,"height":307,"file_name":"Screenshot from 2024-10-08 11-20-50.png","license":0,"flickr_url":"","coco_url":"","date_captured":0},{"id":9,"width":600,"height":336,"file_name":"Screenshot from 2024-10-08 11-22-21.png","license":0,"flickr_url":"","coco_url":"","date_captured":0},{"id":10,"width":634,"height":510,"file_name":"Screenshot from 2024-10-08 11-22-59.png","license":0,"flickr_url":"","coco_url":"","date_captured":0},{"id":11,"width":599,"height":338,"file_name":"Screenshot from 2024-10-08 11-23-40.png","license":0,"flickr_url":"","coco_url":"","date_captured":0},{"id":12,"width":597,"height":445,"file_name":"Screenshot from 2024-10-08 11-24-13.png","license":0,"flickr_url":"","coco_url":"","date_captured":0},{"id":13,"width":589,"height":414,"file_name":"Screenshot from 2024-10-08 11-24-34.png","license":0,"flickr_url":"","coco_url":"","date_captured":0},{"id":14,"width":1095,"height":659,"file_name":"Screenshot from 2024-10-08 11-25-15.png","license":0,"flickr_url":"","coco_url":"","date_captured":0},{"id":15,"width":800,"height":608,"file_name":"Screenshot from 2024-10-08 11-26-47.png","license":0,"flickr_url":"","coco_url":"","date_captured":0},{"id":16,"width":801,"height":637,"file_name":"Screenshot from 2024-10-08 11-27-10.png","license":0,"flickr_url":"","coco_url":"","date_captured":0},{"id":17,"width":797,"height":605,"file_name":"Screenshot from 2024-10-08 11-27-28.png","license":0,"flickr_url":"","coco_url":"","date_captured":0},{"id":18,"width":1008,"height":754,"file_name":"Screenshot from 2024-10-08 11-28-11.png","license":0,"flickr_url":"","coco_url":"","date_captured":0},{"id":19,"width":1006,"height":993,"file_name":"Screenshot from 2024-10-08 11-28-29.png","license":0,"flickr_url":"","coco_url":"","date_captured":0},{"id":20,"width":598,"height":451,"file_name":"Screenshot from 2024-10-08 11-30-32.png","license":0,"flickr_url":"","coco_url":"","date_captured":0},{"id":21,"width":718,"height":404,"file_name":"Screenshot from 2024-10-08 11-30-45.png","license":0,"flickr_url":"","coco_url":"","date_captured":0},{"id":22,"width":718,"height":404,"file_name":"Screenshot from 2024-10-08 11-30-56.png","license":0,"flickr_url":"","coco_url":"","date_captured":0},{"id":23,"width":700,"height":468,"file_name":"Screenshot from 2024-10-08 11-31-18.png","license":0,"flickr_url":"","coco_url":"","date_captured":0}],"annotations":[{"id":1,"image_id":1,"category_id":2,"segmentation":[],"area":8712.372899999998,"bbox":[468.74,263.72,91.99,94.71],"iscrowd":0,"attributes":{"occluded":false,"rotation":0.0}},{"id":2,"image_id":1,"category_id":2,"segmentation":[],"area":14678.976100000002,"bbox":[267.74,263.04,141.73,103.57],"iscrowd":0,"attributes":{"occluded":false,"rotation":0.0}},{"id":3,"image_id":1,"category_id":2,"segmentation":[],"area":4643.9144,"bbox":[293.64,127.45,41.56,111.74],"iscrowd":0,"attributes":{"occluded":false,"rotation":0.0}},{"id":4,"image_id":1,"category_id":2,"segmentation":[],"area":3309.423999999998,"bbox":[243.21,113.83,36.8,89.93],"iscrowd":0,"attributes":{"occluded":false,"rotation":0.0}},{"id":5,"image_id":1,"category_id":2,"segmentation":[],"area":2989.6861,"bbox":[158.05,177.87,47.69,62.69],"iscrowd":0,"attributes":{"occluded":false,"rotation":0.0}},{"id":6,"image_id":1,"category_id":2,"segmentation":[],"area":1772.5894999999985,"bbox":[188.71,151.3,38.83,45.65],"iscrowd":0,"attributes":{"occluded":false,"rotation":0.0}},{"id":7,"image_id":1,"category_id":2,"segmentation":[],"area":1771.1954999999994,"bbox":[123.3,134.27,36.11,49.05],"iscrowd":0,"attributes":{"occluded":false,"rotation":0.0}},{"id":8,"image_id":1,"category_id":2,"segmentation":[],"area":917.2827000000002,"bbox":[33.36,109.06,25.89,35.43],"iscrowd":0,"attributes":{"occluded":false,"rotation":0.0}},{"id":9,"image_id":1,"category_id":2,"segmentation":[],"area":410.57240000000024,"bbox":[100.13,107.69,17.72,23.17],"iscrowd":0,"attributes":{"occluded":false,"rotation":0.0}},{"id":10,"image_id":1,"category_id":2,"segmentation":[],"area":6350.912399999999,"bbox":[90.59,213.3,61.32,103.57],"iscrowd":0,"attributes":{"occluded":false,"rotation":0.0}},{"id":11,"image_id":1,"category_id":2,"segmentation":[],"area":6015.482000000002,"bbox":[2.01,176.51,55.88,107.65],"iscrowd":0,"attributes":{"occluded":false,"rotation":0.0}},{"id":12,"image_id":1,"category_id":1,"segmentation":[[164.86,141.08,597.52,338.67,599.56,0.0,487.62,0.0,196.2,3.45,151.23,15.03]],"area":104262.0,"bbox":[151.23,0.0,448.33,338.67],"iscrowd":0,"attributes":{"occluded":false}},{"id":13,"image_id":2,"category_id":2,"segmentation":[],"area":38619.0093,"bbox":[246.52,69.64,112.17,344.29],"iscrowd":0,"attributes":{"occluded":false,"rotation":0.0}},{"id":14,"image_id":2,"category_id":2,"segmentation":[],"area":15957.1454,"bbox":[488.84,115.23,79.18,201.53],"iscrowd":0,"attributes":{"occluded":false,"rotation":0.0}},{"id":15,"image_id":2,"category_id":2,"segmentation":[],"area":29053.2567,"bbox":[121.71,78.64,88.23,329.29],"iscrowd":0,"attributes":{"occluded":false,"rotation":0.0}},{"id":16,"image_id":2,"category_id":1,"segmentation":[[368.88,409.73,327.5,326.96,339.47,0.0,361.8,0.0,490.04,3.07,482.9,414.0,436.49,414.0]],"area":61654.0,"bbox":[327.5,0.0,162.54,414.0],"iscrowd":0,"attributes":{"occluded":false}},{"id":17,"image_id":2,"category_id":1,"segmentation":[[104.37,304.77,101.97,0.67,2.41,3.67,0.61,307.16,12.6,310.76,43.19,317.36,76.78,322.16,85.78,307.16]],"area":31721.0,"bbox":[0.61,0.67,103.76,321.49],"iscrowd":0,"attributes":{"occluded":false}},{"id":18,"image_id":3,"category_id":2,"segmentation":[],"area":29168.048000000006,"bbox":[11.1,66.82,135.2,215.74],"iscrowd":0,"attributes":{"occluded":false,"rotation":0.0}},{"id":19,"image_id":3,"category_id":2,"segmentation":[],"area":8423.918699999998,"bbox":[229.21,60.21,64.29,131.03],"iscrowd":0,"attributes":{"occluded":false,"rotation":0.0}},{"id":20,"image_id":3,"category_id":2,"segmentation":[],"area":4326.380499999997,"bbox":[282.68,63.87,33.65,128.57],"iscrowd":0,"attributes":{"occluded":false,"rotation":0.0}},{"id":21,"image_id":3,"category_id":2,"segmentation":[],"area":25841.276999999995,"bbox":[376.41,81.9,136.98,188.65],"iscrowd":0,"attributes":{"occluded":false,"rotation":0.0}},{"id":22,"image_id":3,"category_id":2,"segmentation":[],"area":14972.218800000002,"bbox":[487.0,52.46,95.48,156.81],"iscrowd":0,"attributes":{"occluded":false,"rotation":0.0}},{"id":23,"image_id":4,"category_id":2,"segmentation":[],"area":21965.355600000003,"bbox":[53.78,91.83,100.68,218.17],"iscrowd":0,"attributes":{"occluded":false,"rotation":0.0}},{"id":24,"image_id":4,"category_id":1,"segmentation":[[162.43,222.1,172.67,1.38,566.32,2.52,569.16,310.0,414.51,310.0]],"area":112673.0,"bbox":[162.43,1.38,406.73,308.62],"iscrowd":0,"attributes":{"occluded":false}},{"id":25,"image_id":4,"category_id":1,"segmentation":[[12.82,194.23,12.25,255.66,52.07,284.68,54.91,215.84]],"area":2713.0,"bbox":[12.25,194.23,42.66,90.45],"iscrowd":0,"attributes":{"occluded":false}},{"id":26,"image_id":4,"category_id":1,"segmentation":[[12.82,170.9,49.22,186.83,52.07,57.7,9.4,74.77]],"area":4445.0,"bbox":[9.4,57.7,42.67,129.13],"iscrowd":0,"attributes":{"occluded":false}},{"id":27,"image_id":4,"category_id":1,"segmentation":[[53.78,55.99,53.78,88.99,169.25,54.29,173.24,4.23]],"area":4781.0,"bbox":[53.78,4.23,119.46,84.76],"iscrowd":0,"attributes":{"occluded":false}},{"id":28,"image_id":5,"category_id":2,"segmentation":[],"area":23021.7947,"bbox":[100.67,74.73,111.61,206.27],"iscrowd":0,"attributes":{"occluded":false,"rotation":0.0}},{"id":29,"image_id":5,"category_id":2,"segmentation":[],"area":19358.594199999996,"bbox":[363.1,91.1,102.14,189.53],"iscrowd":0,"attributes":{"occluded":false,"rotation":0.0}},{"id":30,"image_id":5,"category_id":1,"segmentation":[],"area":26956.1894,"bbox":[1.97,2.86,97.22,277.27],"iscrowd":0,"attributes":{"occluded":false,"rotation":0.0}},{"id":31,"image_id":5,"category_id":1,"segmentation":[],"area":33207.745599999995,"bbox":[100.67,2.37,393.83,84.32],"iscrowd":0,"attributes":{"occluded":false,"rotation":0.0}},{"id":32,"image_id":5,"category_id":1,"segmentation":[],"area":21611.59,"bbox":[214.26,92.14,115.57,187.0],"iscrowd":0,"attributes":{"occluded":false,"rotation":0.0}},{"id":33,"image_id":6,"category_id":1,"segmentation":[[3.13,0.0,3.13,270.77,458.02,231.06,462.2,75.02,284.62,0.0]],"area":108147.0,"bbox":[3.13,0.0,459.07,270.77],"iscrowd":0,"attributes":{"occluded":false}},{"id":34,"image_id":6,"category_id":2,"segmentation":[],"area":86630.1587,"bbox":[458.71,0.0,239.29,362.03],"iscrowd":0,"attributes":{"occluded":false,"rotation":0.0}},{"id":35,"image_id":7,"category_id":1,"segmentation":[[128.87,195.63,134.43,264.39,74.69,269.26,37.88,219.24,37.19,167.15,72.61,163.67]],"area":7820.0,"bbox":[37.19,163.67,97.24,105.59],"iscrowd":0,"attributes":{"occluded":false}},{"id":36,"image_id":7,"category_id":1,"segmentation":[[181.66,218.55,120.54,219.94,120.54,333.85,183.1,403.0,365.82,403.0,383.8,402.62,397.79,403.0,553.96,403.0]],"area":43344.0,"bbox":[120.54,218.55,433.42,184.45],"iscrowd":0,"attributes":{"occluded":false}},{"id":37,"image_id":7,"category_id":2,"segmentation":[],"area":18286.267999999985,"bbox":[595.58,153.26,100.1,182.68],"iscrowd":0,"attributes":{"occluded":false,"rotation":0.0}},{"id":38,"image_id":7,"category_id":2,"segmentation":[],"area":7294.368300000003,"bbox":[353.93,143.53,77.79,93.77],"iscrowd":0,"attributes":{"occluded":false,"rotation":0.0}},{"id":39,"image_id":7,"category_id":2,"segmentation":[],"area":7164.037599999998,"bbox":[127.48,115.05,70.16,102.11],"iscrowd":0,"attributes":{"occluded":false,"rotation":0.0}},{"id":40,"image_id":7,"category_id":2,"segmentation":[],"area":1042.0277999999998,"bbox":[189.31,119.22,27.78,37.51],"iscrowd":0,"attributes":{"occluded":false,"rotation":0.0}},{"id":41,"image_id":8,"category_id":2,"segmentation":[],"area":23020.584000000003,"bbox":[188.66,41.48,86.7,265.52],"iscrowd":0,"attributes":{"occluded":false,"rotation":0.0}},{"id":42,"image_id":8,"category_id":2,"segmentation":[],"area":33023.860799999995,"bbox":[280.22,35.93,122.08,270.51],"iscrowd":0,"attributes":{"occluded":false,"rotation":0.0}},{"id":43,"image_id":8,"category_id":1,"segmentation":[[411.31,0.55,406.46,306.44,464.78,307.0,694.32,307.0,695.0,206.51,695.0,1.24]],"area":87522.0,"bbox":[406.46,0.55,288.54,306.45],"iscrowd":0,"attributes":{"occluded":false}},{"id":44,"image_id":8,"category_id":1,"segmentation":[[203.92,2.64,194.97,307.0,42.81,307.0,4.16,306.44,4.16,0.0,52.12,0.0]],"area":59829.0,"bbox":[4.16,0.0,199.76,307.0],"iscrowd":0,"attributes":{"occluded":false}},{"id":45,"image_id":9,"category_id":2,"segmentation":[],"area":3661.068999999999,"bbox":[112.87,102.75,69.47,52.7],"iscrowd":0,"attributes":{"occluded":false,"rotation":0.0}},{"id":46,"image_id":9,"category_id":2,"segmentation":[],"area":3631.0819999999985,"bbox":[190.72,103.95,49.7,73.06],"iscrowd":0,"attributes":{"occluded":false,"rotation":0.0}},{"id":47,"image_id":9,"category_id":2,"segmentation":[],"area":16574.8072,"bbox":[203.29,134.43,96.41,171.92],"iscrowd":0,"attributes":{"occluded":false,"rotation":0.0}},{"id":48,"image_id":9,"category_id":1,"segmentation":[[21.86,41.68,28.44,177.01,50.6,185.39,47.01,160.84,64.37,157.25,85.33,144.07,105.09,150.66,106.29,158.44,118.26,153.65,113.47,35.69,81.14,34.49]],"area":11153.0,"bbox":[21.86,34.49,96.4,150.9],"iscrowd":0,"attributes":{"occluded":false}},{"id":49,"image_id":9,"category_id":1,"segmentation":[[115.87,44.67,157.78,42.87,183.53,43.47,184.13,145.87,161.38,106.35,146.41,108.14,138.02,124.31,132.63,129.7,126.05,135.09,117.66,144.67]],"area":5375.0,"bbox":[115.87,42.87,68.26,103.0],"iscrowd":0,"attributes":{"occluded":false}},{"id":50,"image_id":9,"category_id":1,"segmentation":[[184.73,50.06,223.05,48.26,239.82,48.26,240.42,138.08,224.85,111.74,215.27,101.56,202.69,112.34,202.69,120.72,196.71,123.71,194.91,124.31,188.92,135.69,192.51,149.46]],"area":3594.0,"bbox":[184.73,48.26,55.69,101.2],"iscrowd":0,"attributes":{"occluded":false}},{"id":51,"image_id":9,"category_id":1,"segmentation":[[255.99,44.07,256.59,135.09,336.83,131.5,336.23,35.09]],"area":7541.0,"bbox":[255.99,35.09,80.84,100.0],"iscrowd":0,"attributes":{"occluded":false}},{"id":52,"image_id":9,"category_id":1,"segmentation":[[370.36,34.49,367.96,145.87,536.83,157.25,547.01,153.65,560.78,18.32,547.01,17.13]],"area":23333.0,"bbox":[367.96,17.13,192.82,140.12],"iscrowd":0,"attributes":{"occluded":false}},{"id":53,"image_id":10,"category_id":1,"segmentation":[[4.77,191.74,7.3,363.84,59.18,351.82,83.86,375.87,156.62,349.92,218.0,348.02,209.14,195.54,4.77,174.02]],"area":35890.0,"bbox":[4.77,174.02,213.23,201.85],"iscrowd":0,"attributes":{"occluded":false}},{"id":54,"image_id":10,"category_id":1,"segmentation":[[313.54,172.76,314.17,258.81,281.27,258.18,275.58,299.94,254.7,313.22,217.37,303.73,209.14,197.43,4.77,173.39,4.77,152.51,5.4,141.75]],"area":19265.0,"bbox":[4.77,141.75,309.4,171.47],"iscrowd":0,"attributes":{"occluded":false}},{"id":55,"image_id":10,"category_id":1,"segmentation":[[6.03,79.11,123.09,82.28,139.54,81.01,142.7,138.59,106.0,138.59,78.8,131.63,3.5,129.1]],"area":7197.0,"bbox":[3.5,79.11,139.2,59.48],"iscrowd":0,"attributes":{"occluded":false}},{"id":56,"image_id":10,"category_id":1,"segmentation":[[147.13,139.22,380.61,155.67,379.35,182.25,353.4,171.49,345.81,193.64,352.77,205.03,336.95,224.64,318.6,227.81,322.4,250.58,311.64,250.58,313.54,175.29,142.07,155.04]],"area":6887.0,"bbox":[142.07,139.22,238.54,111.36],"iscrowd":0,"attributes":{"occluded":false}},{"id":57,"image_id":10,"category_id":2,"segmentation":[],"area":2466.2064,"bbox":[449.58,167.7,50.62,48.72],"iscrowd":0,"attributes":{"occluded":false,"rotation":0.0}},{"id":58,"image_id":10,"category_id":2,"segmentation":[],"area":4341.145199999999,"bbox":[347.65,170.8,51.94,83.58],"iscrowd":0,"attributes":{"occluded":false,"rotation":0.0}},{"id":59,"image_id":10,"category_id":2,"segmentation":[],"area":12264.710700000001,"bbox":[248.94,254.95,96.87,126.61],"iscrowd":0,"attributes":{"occluded":false,"rotation":0.0}},{"id":60,"image_id":10,"category_id":2,"segmentation":[],"area":25014.5115,"bbox":[7.93,353.09,160.71,155.65],"iscrowd":0,"attributes":{"occluded":false,"rotation":0.0}},{"id":61,"image_id":11,"category_id":2,"segmentation":[],"area":3499.152,"bbox":[116.56,136.11,40.65,86.08],"iscrowd":0,"attributes":{"occluded":false,"rotation":0.0}},{"id":62,"image_id":11,"category_id":2,"segmentation":[],"area":4769.215999999999,"bbox":[171.56,147.5,55.04,86.65],"iscrowd":0,"attributes":{"occluded":false,"rotation":0.0}},{"id":63,"image_id":11,"category_id":2,"segmentation":[],"area":7088.628200000002,"bbox":[236.72,167.19,69.34,102.23],"iscrowd":0,"attributes":{"occluded":false,"rotation":0.0}},{"id":64,"image_id":11,"category_id":2,"segmentation":[],"area":3657.3073999999983,"bbox":[316.23,154.64,51.41,71.14],"iscrowd":0,"attributes":{"occluded":false,"rotation":0.0}},{"id":65,"image_id":11,"category_id":2,"segmentation":[],"area":26798.634600000005,"bbox":[355.08,148.06,141.09,189.94],"iscrowd":0,"attributes":{"occluded":false,"rotation":0.0}},{"id":66,"image_id":11,"category_id":1,"segmentation":[[418.45,1.6,409.48,151.65,440.57,154.64,438.18,177.95,450.73,189.31,492.58,209.04,491.98,280.18,515.3,276.59,527.85,33.88,516.49,2.2]],"area":22228.0,"bbox":[409.48,1.6,118.37,278.58],"iscrowd":0,"attributes":{"occluded":false}},{"id":67,"image_id":11,"category_id":1,"segmentation":[[527.85,44.64,520.08,244.31,534.43,215.62,540.4,82.31]],"area":2270.0,"bbox":[520.08,44.64,20.32,199.67],"iscrowd":0,"attributes":{"occluded":false}},{"id":68,"image_id":11,"category_id":1,"segmentation":[[3.58,335.18,4.17,1.6,21.51,1.6,53.19,81.71,66.34,216.21,21.04,338.0,13.46,338.0]],"area":14994.0,"bbox":[3.58,1.6,62.76,336.4],"iscrowd":0,"attributes":{"occluded":false}},{"id":69,"image_id":12,"category_id":1,"segmentation":[[416.36,35.04,400.87,251.92,596.89,354.99,597.0,338.39,597.0,0.0,587.12,0.0]],"area":54324.0,"bbox":[400.87,0.0,196.13,354.99],"iscrowd":0,"attributes":{"occluded":false}},{"id":70,"image_id":12,"category_id":1,"segmentation":[[78.06,10.08,98.32,275.81,5.97,283.55,2.99,2.33]],"area":22889.0,"bbox":[2.99,2.33,95.33,281.22],"iscrowd":0,"attributes":{"occluded":false}},{"id":71,"image_id":12,"category_id":2,"segmentation":[],"area":13345.769500000002,"bbox":[153.73,260.32,78.05,170.99],"iscrowd":0,"attributes":{"occluded":false,"rotation":0.0}},{"id":72,"image_id":12,"category_id":2,"segmentation":[],"area":20629.682500000003,"bbox":[261.57,250.19,135.25,152.53],"iscrowd":0,"attributes":{"occluded":false,"rotation":0.0}},{"id":73,"image_id":12,"category_id":2,"segmentation":[],"area":11621.693399999996,"bbox":[294.93,213.84,110.82,104.87],"iscrowd":0,"attributes":{"occluded":false,"rotation":0.0}},{"id":74,"image_id":12,"category_id":1,"segmentation":[],"area":19416.240599999997,"bbox":[299.1,26.76,105.46,184.11],"iscrowd":0,"attributes":{"occluded":false,"rotation":0.0}},{"id":75,"image_id":12,"category_id":1,"segmentation":[],"area":787.8433000000002,"bbox":[91.7,106.6,24.49,32.17],"iscrowd":0,"attributes":{"occluded":false,"rotation":0.0}},{"id":76,"image_id":13,"category_id":2,"segmentation":[],"area":64642.14,"bbox":[49.37,27.68,168.12,384.5],"iscrowd":0,"attributes":{"occluded":false,"rotation":0.0}},{"id":77,"image_id":13,"category_id":1,"segmentation":[[266.3,414.0,268.03,-0.0,579.49,0.0,588.41,0.11,586.06,413.36,535.94,414.0]],"area":132437.0,"bbox":[266.3,-0.0,322.11,414.0],"iscrowd":0,"attributes":{"occluded":false}},{"id":78,"image_id":14,"category_id":1,"segmentation":[[5.46,570.45,527.83,476.47,514.71,91.79,5.46,154.08]],"area":207289.0,"bbox":[5.46,91.79,522.37,478.66],"iscrowd":0,"attributes":{"occluded":false}},{"id":79,"image_id":14,"category_id":2,"segmentation":[],"area":26396.623000000007,"bbox":[462.26,520.18,190.15,138.82],"iscrowd":0,"attributes":{"occluded":false,"rotation":0.0}},{"id":80,"image_id":14,"category_id":2,"segmentation":[],"area":20629.23810000001,"bbox":[767.15,487.39,120.21,171.61],"iscrowd":0,"attributes":{"occluded":false,"rotation":0.0}},{"id":81,"image_id":14,"category_id":2,"segmentation":[],"area":23616.227599999995,"bbox":[971.51,389.04,123.49,191.24],"iscrowd":0,"attributes":{"occluded":false,"rotation":0.0}},{"id":82,"image_id":14,"category_id":1,"segmentation":[[688.47,74.31,685.19,424.01,713.61,443.68,924.52,408.71,926.7,33.88]],"area":89053.0,"bbox":[685.19,33.88,241.51,409.8],"iscrowd":0,"attributes":{"occluded":false}},{"id":83,"image_id":15,"category_id":1,"segmentation":[[32.38,149.1,88.26,156.29,147.34,201.0,152.93,313.57,114.61,363.07,63.51,372.65]],"area":19357.0,"bbox":[32.38,149.1,120.55,223.55],"iscrowd":0,"attributes":{"occluded":false}},{"id":84,"image_id":15,"category_id":1,"segmentation":[],"area":16486.770299999993,"bbox":[194.45,220.96,194.81,84.63],"iscrowd":0,"attributes":{"occluded":false,"rotation":0.0}},{"id":85,"image_id":15,"category_id":1,"segmentation":[[390.06,238.52,386.87,304.79,503.43,417.36,524.19,210.58]],"area":17613.0,"bbox":[386.87,210.58,137.32,206.78],"iscrowd":0,"attributes":{"occluded":false}},{"id":86,"image_id":15,"category_id":1,"segmentation":[[577.68,486.83,592.06,208.18,795.65,201.8,798.84,606.59,697.44,607.38]],"area":79052.0,"bbox":[577.68,201.8,221.16,405.58],"iscrowd":0,"attributes":{"occluded":false}},{"id":87,"image_id":15,"category_id":2,"segmentation":[],"area":13729.502599999993,"bbox":[504.23,324.75,71.06,193.21],"iscrowd":0,"attributes":{"occluded":false,"rotation":0.0}},{"id":88,"image_id":16,"category_id":2,"segmentation":[],"area":61708.48310000002,"bbox":[333.39,262.96,173.47,355.73],"iscrowd":0,"attributes":{"occluded":false,"rotation":0.0}},{"id":89,"image_id":16,"category_id":1,"segmentation":[],"area":106595.19359999998,"bbox":[7.23,41.52,479.64,222.24],"iscrowd":0,"attributes":{"occluded":false,"rotation":0.0}},{"id":90,"image_id":16,"category_id":1,"segmentation":[[493.27,78.3,485.27,273.35,797.04,635.48,800.24,43.12]],"area":122667.0,"bbox":[485.27,43.12,314.97,592.36],"iscrowd":0,"attributes":{"occluded":false}},{"id":91,"image_id":17,"category_id":1,"segmentation":[[373.83,100.05,380.99,528.78,222.71,602.75,6.36,602.75,53.15,0.0,110.85,0.0,157.48,1.42]],"area":192635.0,"bbox":[6.36,0.0,374.63,602.75],"iscrowd":0,"attributes":{"occluded":false}},{"id":92,"image_id":17,"category_id":2,"segmentation":[],"area":59137.50499999998,"bbox":[352.36,265.5,174.19,339.5],"iscrowd":0,"attributes":{"occluded":false,"rotation":0.0}},{"id":93,"image_id":17,"category_id":1,"segmentation":[[504.28,108.01,521.78,465.15,646.66,407.08,625.98,185.16]],"area":35516.0,"bbox":[504.28,108.01,142.38,357.14],"iscrowd":0,"attributes":{"occluded":false}},{"id":94,"image_id":17,"category_id":1,"segmentation":[[376.22,201.07,508.26,234.48,505.87,110.39,378.61,22.1]],"area":19632.0,"bbox":[376.22,22.1,132.04,212.38],"iscrowd":0,"attributes":{"occluded":false}},{"id":95,"image_id":18,"category_id":2,"segmentation":[],"area":115545.13599999998,"bbox":[84.04,114.42,234.4,492.94],"iscrowd":0,"attributes":{"occluded":false,"rotation":0.0}},{"id":96,"image_id":18,"category_id":2,"segmentation":[],"area":135933.3396,"bbox":[417.02,185.85,247.48,549.27],"iscrowd":0,"attributes":{"occluded":false,"rotation":0.0}},{"id":97,"image_id":18,"category_id":1,"segmentation":[[542.77,54.06,152.45,0.75,8.59,1.75,7.59,531.91,422.05,489.66,423.06,417.23,417.02,363.91,460.28,286.45,455.25,246.21,461.29,216.03,472.35,211.0,502.53,197.92,515.61,190.88,519.64,189.87,529.7,189.87,536.74,188.87]],"area":228575.0,"bbox":[7.59,0.75,535.18,531.16],"iscrowd":0,"attributes":{"occluded":false}},{"id":98,"image_id":18,"category_id":1,"segmentation":[[542.77,165.73,548.81,53.06,599.94,0.0,1000.27,0.0]],"area":35892.0,"bbox":[542.77,0.0,457.5,165.73],"iscrowd":0,"attributes":{"occluded":false}},{"id":99,"image_id":18,"category_id":1,"segmentation":[[719.83,110.4,605.14,664.7,644.63,754.0,866.46,754.0,1008.0,751.22,1008.0,5.7]],"area":240612.0,"bbox":[605.14,5.7,402.86,748.3],"iscrowd":0,"attributes":{"occluded":false}},{"id":100,"image_id":19,"category_id":2,"segmentation":[],"area":250366.3032,"bbox":[43.7,280.1,362.44,690.78],"iscrowd":0,"attributes":{"occluded":false,"rotation":0.0}},{"id":101,"image_id":19,"category_id":2,"segmentation":[],"area":99690.112,"bbox":[544.7,329.33,366.4,272.08],"iscrowd":0,"attributes":{"occluded":false,"rotation":0.0}},{"id":102,"image_id":19,"category_id":1,"segmentation":[[279.63,52.23,273.61,455.83,714.36,447.8,766.57,120.5]],"area":170390.0,"bbox":[273.61,52.23,492.96,403.6],"iscrowd":0,"attributes":{"occluded":false}},{"id":103,"image_id":19,"category_id":1,"segmentation":[[760.55,126.52,729.42,350.41,1006.0,351.41,1006.0,184.32,1005.52,152.63]],"area":55360.0,"bbox":[729.42,126.52,276.58,224.89],"iscrowd":0,"attributes":{"occluded":false}},{"id":104,"image_id":19,"category_id":1,"segmentation":[[273.61,53.23,272.61,198.81,11.57,174.72,8.56,14.08]],"area":40261.0,"bbox":[8.56,14.08,265.05,184.73],"iscrowd":0,"attributes":{"occluded":false}},{"id":105,"image_id":20,"category_id":2,"segmentation":[],"area":54984.71820000001,"bbox":[400.13,93.91,153.98,357.09],"iscrowd":0,"attributes":{"occluded":false,"rotation":0.0}},{"id":106,"image_id":20,"category_id":1,"segmentation":[[103.52,31.24,5.04,15.73,3.25,401.86,13.4,414.39,23.55,395.3,111.28,369.63]],"area":37580.0,"bbox":[3.25,15.73,108.03,398.66],"iscrowd":0,"attributes":{"occluded":false}},{"id":107,"image_id":20,"category_id":1,"segmentation":[[104.11,98.09,249.14,56.91,306.43,67.05,301.66,319.5,251.53,334.42,249.14,385.75,110.08,293.24]],"area":51737.0,"bbox":[104.11,56.91,202.32,328.84],"iscrowd":0,"attributes":{"occluded":false}},{"id":108,"image_id":20,"category_id":1,"segmentation":[[307.03,93.31,385.21,81.38,421.62,87.94,412.66,249.68,394.16,239.53,388.19,252.66,395.95,257.43,394.16,266.98,389.98,281.31,393.57,293.84,391.78,298.02,385.21,305.18,385.21,319.5,380.44,331.44,379.24,336.21,303.45,307.57]],"area":24332.0,"bbox":[303.45,81.38,118.17,254.83],"iscrowd":0,"attributes":{"occluded":false}},{"id":109,"image_id":20,"category_id":1,"segmentation":[[558.88,115.39,585.14,114.8,598.0,115.36,598.0,124.3,585.74,250.27,569.03,256.84,552.91,254.45]],"area":5055.0,"bbox":[552.91,114.8,45.09,142.04],"iscrowd":0,"attributes":{"occluded":false}},{"id":110,"image_id":21,"category_id":1,"segmentation":[[716.67,15.87,627.82,0.1,569.77,20.17,573.36,339.76,624.95,357.67,718.0,340.49,718.0,316.99]],"area":49585.0,"bbox":[569.77,0.1,148.23,357.57],"iscrowd":0,"attributes":{"occluded":false}},{"id":111,"image_id":21,"category_id":2,"segmentation":[],"area":5623.8314999999975,"bbox":[409.55,162.62,53.03,106.05],"iscrowd":0,"attributes":{"occluded":false,"rotation":0.0}},{"id":112,"image_id":21,"category_id":2,"segmentation":[],"area":3163.2926999999986,"bbox":[363.69,180.54,43.71,72.37],"iscrowd":0,"attributes":{"occluded":false,"rotation":0.0}},{"id":113,"image_id":21,"category_id":1,"segmentation":[[456.84,68.75,482.64,58.72,572.93,63.73,570.78,309.52,502.7,306.65,499.84,273.69,488.37,265.81,464.01,262.94]],"area":25765.0,"bbox":[456.84,58.72,116.09,250.8],"iscrowd":0,"attributes":{"occluded":false}},{"id":114,"image_id":21,"category_id":1,"segmentation":[[393.79,93.11,393.79,199.88,408.83,212.06,422.45,194.15,425.31,161.19,451.11,171.22,459.71,179.1,457.56,89.53,410.98,88.81]],"area":6143.0,"bbox":[393.79,88.81,65.92,123.25],"iscrowd":0,"attributes":{"occluded":false}},{"id":115,"image_id":21,"category_id":1,"segmentation":[[347.92,115.33,347.93,214.93,373.72,210.63,376.59,184.12,390.2,176.95,397.37,108.88,361.54,106.01]],"area":4177.0,"bbox":[347.92,106.01,49.45,108.92],"iscrowd":0,"attributes":{"occluded":false}},{"id":116,"image_id":21,"category_id":1,"segmentation":[[345.06,122.49,326.43,120.34,315.68,123.93,322.13,179.1,332.88,173.37,347.21,199.17]],"area":1617.0,"bbox":[315.68,120.34,31.53,78.83],"iscrowd":0,"attributes":{"occluded":false}},{"id":117,"image_id":22,"category_id":1,"segmentation":[[54.13,9.99,64.16,1.39,571.49,58.72,565.05,384.76,468.31,402.67,226.42,404.0,77.02,404.0]],"area":186812.0,"bbox":[54.13,1.39,517.36,402.61],"iscrowd":0,"attributes":{"occluded":false}},{"id":118,"image_id":22,"category_id":2,"segmentation":[],"area":7630.995,"bbox":[613.05,181.18,64.5,118.31],"iscrowd":0,"attributes":{"occluded":false,"rotation":0.0}},{"id":119,"image_id":22,"category_id":2,"segmentation":[],"area":2491.198299999999,"bbox":[676.11,173.37,41.89,59.47],"iscrowd":0,"attributes":{"occluded":false,"rotation":0.0}},{"id":120,"image_id":23,"category_id":1,"segmentation":[[266.51,118.05,206.43,109.67,91.16,171.15,91.86,317.16,207.82,440.81,228.78,431.73,232.28,383.52,268.6,373.04]],"area":44902.0,"bbox":[91.16,109.67,177.44,331.14],"iscrowd":0,"attributes":{"occluded":false}},{"id":121,"image_id":23,"category_id":1,"segmentation":[[59.02,188.61,57.62,275.24,81.38,301.09,89.06,297.59,93.95,173.24,77.88,172.54]],"area":3780.0,"bbox":[57.62,172.54,36.33,128.55],"iscrowd":0,"attributes":{"occluded":false}},{"id":122,"image_id":23,"category_id":2,"segmentation":[],"area":4783.912500000001,"bbox":[590.66,269.58,76.85,62.25],"iscrowd":0,"attributes":{"occluded":false,"rotation":0.0}},{"id":123,"image_id":23,"category_id":2,"segmentation":[],"area":22704.097499999993,"bbox":[367.8,262.66,126.45,179.55],"iscrowd":0,"attributes":{"occluded":false,"rotation":0.0}},{"id":124,"image_id":23,"category_id":1,"segmentation":[[531.98,146.0,497.74,138.31,417.41,153.68,420.9,298.29,436.97,315.76,435.57,340.91,476.09,370.95,497.74,377.93,506.13,375.84,507.52,340.91,531.28,335.32]],"area":23047.0,"bbox":[417.41,138.31,114.57,239.62],"iscrowd":0,"attributes":{"occluded":false}},{"id":125,"image_id":23,"category_id":1,"segmentation":[[536.17,158.57,588.56,152.98,616.51,155.78,610.22,287.12,595.55,303.18,582.28,310.87,568.3,317.16,559.22,328.33,552.24,336.02,528.48,336.02]],"area":13045.0,"bbox":[528.48,152.98,88.03,183.04],"iscrowd":0,"attributes":{"occluded":false}},{"id":126,"image_id":23,"category_id":1,"segmentation":[[618.6,163.46,660.52,162.07,684.27,164.86,675.89,345.1,663.31,341.61,653.53,324.14,638.86,308.07,641.66,289.91,636.07,273.84,626.29,273.84,616.51,280.83,614.41,278.73]],"area":9429.0,"bbox":[614.41,162.07,69.86,183.03],"iscrowd":0,"attributes":{"occluded":false}},{"id":127,"image_id":23,"category_id":1,"segmentation":[[270.0,151.59,374.09,126.44,423.69,133.42,418.8,268.95,362.22,264.06,270.7,254.98]],"area":19035.0,"bbox":[270.0,126.44,153.69,142.51],"iscrowd":0,"attributes":{"occluded":false}},{"id":128,"image_id":23,"category_id":1,"segmentation":[[270.7,257.08,274.19,348.59,367.8,401.69,370.6,262.66]],"area":11134.0,"bbox":[270.7,257.08,99.9,144.61],"iscrowd":0,"attributes":{"occluded":false}}]}